-- Enable foreign keys (for SQLite)
PRAGMA foreign_keys = ON;


------------------------------------------------------------
-- Images
------------------------------------------------------------
INSERT INTO "Images" ("id", "filepath")
VALUES
  (1, '/images/jesus_profile.png'),
  (2, '/images/peter_profile.png'),
  (3, '/images/john_profile.png'),
  (4, '/images/james_profile.png'),
  (5, '/images/andrew_profile.png'),
  (6, '/images/philip_profile.png'),
  (7, '/images/bartholomew_profile.png'),
  (8, '/images/matthew_profile.png'),
  (9, '/images/thomas_profile.png'),
  (10, '/images/james_son_of_alphaeus_profile.png'),
  (11, '/images/thaddaeus_profile.png'),
  (12, '/images/simon_the_zealot_profile.png'),
  (13, '/images/judas_iscariot_profile.png'),
  (14, '/images/alice_profile.png'),
  (15, '/images/max_tester_profile.png'),
  (16, '/images/friend_001_profile.png'),
  (17, '/images/friend_002_profile.png'),
  (18, '/images/friend_003_profile.png'),
  (19, '/images/friend_004_profile.png'),
  (20, '/images/friend_005_profile.png'),
  (21, '/images/friend_006_profile.png'),
  (22, '/images/friend_007_profile.png'),
  (23, '/images/friend_008_profile.png'),
  (24, '/images/friend_009_profile.png'),
  (25, '/images/friend_010_profile.png'),
  (26, '/images/friend_011_profile.png'),
  (27, '/images/friend_012_profile.png'),
  (28, '/images/friend_013_profile.png'),
  (29, '/images/friend_014_profile.png'),
  (30, '/images/friend_015_profile.png'),
  (31, '/images/friend_016_profile.png'),
  (32, '/images/friend_017_profile.png'),
  (33, '/images/friend_018_profile.png'),
  (34, '/images/friend_019_profile.png'),
  (35, '/images/friend_020_profile.png'),
  (36, '/images/friend_021_profile.png'),
  (37, '/images/friend_022_profile.png'),
  (38, '/images/friend_023_profile.png'),
  (39, '/images/friend_024_profile.png'),
  (40, '/images/friend_025_profile.png'),
  (41, '/images/friend_026_profile.png'),
  (42, '/images/friend_027_profile.png'),
  (43, '/images/friend_028_profile.png'),
  (44, '/images/friend_029_profile.png'),
  (45, '/images/friend_030_profile.png'),
  (46, '/images/friend_031_profile.png'),
  (47, '/images/friend_032_profile.png'),
  (48, '/images/friend_033_profile.png'),
  (49, '/images/friend_034_profile.png'),
  (50, '/images/friend_035_profile.png'),
  (51, '/images/friend_036_profile.png'),
  (52, '/images/friend_037_profile.png'),
  (53, '/images/friend_038_profile.png'),
  (54, '/images/friend_039_profile.png'),
  (55, '/images/friend_040_profile.png'),
  (56, '/images/friend_041_profile.png'),
  (57, '/images/friend_042_profile.png'),
  (58, '/images/friend_043_profile.png'),
  (59, '/images/friend_044_profile.png'),
  (60, '/images/friend_045_profile.png'),
  (61, '/images/friend_046_profile.png'),
  (62, '/images/friend_047_profile.png'),
  (63, '/images/friend_048_profile.png'),
  (64, '/images/friend_049_profile.png'),
  (65, '/images/friend_050_profile.png'),
  (66, '/images/friend_051_profile.png'),
  (67, '/images/friend_052_profile.png'),
  (68, '/images/friend_053_profile.png'),
  (69, '/images/friend_054_profile.png'),
  (70, '/images/friend_055_profile.png'),
  (71, '/images/friend_056_profile.png'),
  (72, '/images/friend_057_profile.png'),
  (73, '/images/friend_058_profile.png'),
  (74, '/images/friend_059_profile.png'),
  (75, '/images/friend_060_profile.png'),
  (76, '/images/friend_061_profile.png'),
  (77, '/images/friend_062_profile.png'),
  (78, '/images/friend_063_profile.png'),
  (79, '/images/friend_064_profile.png'),
  (80, '/images/friend_065_profile.png'),
  (81, '/images/friend_066_profile.png'),
  (82, '/images/friend_067_profile.png'),
  (83, '/images/friend_068_profile.png'),
  (84, '/images/friend_069_profile.png'),
  (85, '/images/friend_070_profile.png'),
  (86, '/images/friend_071_profile.png'),
  (87, '/images/friend_072_profile.png'),
  (88, '/images/friend_073_profile.png'),
  (89, '/images/friend_074_profile.png'),
  (90, '/images/friend_075_profile.png'),
  (91, '/images/friend_076_profile.png'),
  (92, '/images/friend_077_profile.png'),
  (93, '/images/friend_078_profile.png'),
  (94, '/images/friend_079_profile.png'),
  (95, '/images/friend_080_profile.png'),
  (96, '/images/friend_081_profile.png'),
  (97, '/images/friend_082_profile.png'),
  (98, '/images/friend_083_profile.png'),
  (99, '/images/friend_084_profile.png'),
  (100, '/images/friend_085_profile.png'),
  (101, '/images/friend_086_profile.png'),
  (102, '/images/friend_087_profile.png'),
  (103, '/images/friend_088_profile.png'),
  (104, '/images/friend_089_profile.png'),
  (105, '/images/friend_090_profile.png'),
  (106, '/images/friend_091_profile.png'),
  (107, '/images/friend_092_profile.png'),
  (108, '/images/friend_093_profile.png'),
  (109, '/images/friend_094_profile.png'),
  (110, '/images/friend_095_profile.png'),
  (111, '/images/friend_096_profile.png'),
  (112, '/images/friend_097_profile.png'),
  (113, '/images/friend_098_profile.png'),
  (114, '/images/friend_099_profile.png'),
  (115, '/images/friend_100_profile.png'),
  (116, '/images/friend_101_profile.png'),
  (117, '/images/friend_102_profile.png'),
  (118, '/images/friend_103_profile.png'),
  (119, '/images/friend_104_profile.png'),
  (120, '/images/friend_105_profile.png'),
  (121, '/images/friend_106_profile.png'),
  (122, '/images/friend_107_profile.png'),
  (123, '/images/friend_108_profile.png'),
  (124, '/images/friend_109_profile.png'),
  (125, '/images/friend_110_profile.png'),
  (126, '/images/friend_111_profile.png'),
  (127, '/images/friend_112_profile.png'),
  (128, '/images/friend_113_profile.png'),
  (129, '/images/friend_114_profile.png'),
  (130, '/images/friend_115_profile.png'),
  (131, '/images/friend_116_profile.png'),
  (132, '/images/friend_117_profile.png'),
  (133, '/images/friend_118_profile.png'),
  (134, '/images/friend_119_profile.png'),
  (135, '/images/friend_120_profile.png'),
  (136, '/images/friend_121_profile.png'),
  (137, '/images/friend_122_profile.png'),
  (138, '/images/friend_123_profile.png'),
  (139, '/images/friend_124_profile.png'),
  (140, '/images/friend_125_profile.png'),
  (141, '/images/friend_126_profile.png'),
  (142, '/images/friend_127_profile.png'),
  (143, '/images/friend_128_profile.png'),
  (144, '/images/friend_129_profile.png'),
  (145, '/images/friend_130_profile.png'),
  (146, '/images/friend_131_profile.png'),
  (147, '/images/friend_132_profile.png'),
  (148, '/images/friend_133_profile.png'),
  (149, '/images/friend_134_profile.png'),
  (150, '/images/friend_135_profile.png'),
  (151, '/images/friend_136_profile.png'),
  (152, '/images/friend_137_profile.png'),
  (153, '/images/friend_138_profile.png'),
  (154, '/images/friend_139_profile.png'),
  (155, '/images/friend_140_profile.png'),
  (156, '/images/friend_141_profile.png'),
  (157, '/images/friend_142_profile.png'),
  (158, '/images/friend_143_profile.png'),
  (159, '/images/friend_144_profile.png'),
  (160, '/images/friend_145_profile.png'),
  (161, '/images/friend_146_profile.png'),
  (162, '/images/friend_147_profile.png'),
  (163, '/images/friend_148_profile.png'),
  (164, '/images/friend_149_profile.png'),
  (165, '/images/friend_150_profile.png');


------------------------------------------------------------
-- NotificationPreferences
------------------------------------------------------------
INSERT INTO "NotificationPreferences" ("id", "email", "sms", "pushNotification")
VALUES 
    (1, 1, 1, 1),
    (2, 0, 0, 1),
    (3, 0, 0, 0),
    (4, 1, 1, 1);

------------------------------------------------------------
-- Users
------------------------------------------------------------
INSERT INTO "Users" ("id", "username", "passwordHash", "passwordSalt", "email", "profile_image_id", "birthday_month", "birthday_day")
VALUES
    (1, 'jesus_christ', 'HASH_JESUS_123', 'SALT_JESUS_123', 'jesus@nazareth.ps', 1, 12, 25),
    (2, 'party_pal_alice', 'HASH_ALICE_123', 'SALT_ALICE_123', 'alice@wonderland.gb', NULL, NULL, NULL),
    (3, 'bob_minimal', 'HASH_BOB_123', 'SALT_BOB_123', NULL, NULL, NULL, NULL),
    (4, 'max_tester', 'HASH_MAX_123', 'SALT_MAX_123', 'maxtester@example.com', 15, 12, 31);

------------------------------------------------------------
-- Friends
------------------------------------------------------------
INSERT INTO "Friends" ("id", "name", "birthday_month", "birthday_day", "profile_image_id")
VALUES
    (1, 'Simon Peter', 1, 1, 2),
    (2, 'John Egbert', 1, 2, 3),
    (3, 'James son of Zebedee', 1, 3, 4),
    (4, 'Andrew', 1, 4, 5),
    (5, 'Philip', 1, 5, 6),
    (6, 'Bartholomew', 1, 6, 7),
    (7, 'Matthew', 1, 7, 8),
    (8, 'Thomas', 1, 8, 9),
    (9, 'James son of Alphaeus', 1, 9, 10),
    (10, 'Thaddaeus', 1, 10, 11),
    (11, 'Simon the Zealot', 1, 11, 12),
    (12, 'Judas Iscariot', 1, 12, 13),
    (13, 'Fun Alice Friend', NULL, NULL, 14),
    (14,  'Max Friend 001', 1,  1,  16),
    (15,  'Max Friend 002', 1,  2,  17),
    (16,  'Max Friend 003', 1,  3,  18),
    (17,  'Max Friend 004', 1,  4,  19),
    (18,  'Max Friend 005', 1,  5,  20),
    (19,  'Max Friend 006', 1,  6,  21),
    (20,  'Max Friend 007', 1,  7,  22),
    (21,  'Max Friend 008', 1,  8,  23),
    (22,  'Max Friend 009', 1,  9,  24),
    (23,  'Max Friend 010', 1, 10,  25),
    (24,  'Max Friend 011', 1, 11,  26),
    (25,  'Max Friend 012', 1, 12,  27),
    (26,  'Max Friend 013', 2,  1,  28),
    (27,  'Max Friend 014', 2,  2,  29),
    (28,  'Max Friend 015', 2,  3,  30),
    (29,  'Max Friend 016', 2,  4,  31),
    (30,  'Max Friend 017', 2,  5,  32),
    (31,  'Max Friend 018', 2,  6,  33),
    (32,  'Max Friend 019', 2,  7,  34),
    (33,  'Max Friend 020', 2,  8,  35),
    (34,  'Max Friend 021', 2,  9,  36),
    (35,  'Max Friend 022', 2, 10,  37),
    (36,  'Max Friend 023', 2, 11,  38),
    (37,  'Max Friend 024', 2, 12,  39),
    (38,  'Max Friend 025', 3,  1,  40),
    (39,  'Max Friend 026', 3,  2,  41),
    (40,  'Max Friend 027', 3,  3,  42),
    (41,  'Max Friend 028', 3,  4,  43),
    (42,  'Max Friend 029', 3,  5,  44),
    (43,  'Max Friend 030', 3,  6,  45),
    (44,  'Max Friend 031', 3,  7,  46),
    (45,  'Max Friend 032', 3,  8,  47),
    (46,  'Max Friend 033', 3,  9,  48),
    (47,  'Max Friend 034', 3, 10,  49),
    (48,  'Max Friend 035', 3, 11,  50),
    (49,  'Max Friend 036', 3, 12,  51),
    (50,  'Max Friend 037', 4,  1,  52),
    (51,  'Max Friend 038', 4,  2,  53),
    (52,  'Max Friend 039', 4,  3,  54),
    (53,  'Max Friend 040', 4,  4,  55),
    (54,  'Max Friend 041', 4,  5,  56),
    (55,  'Max Friend 042', 4,  6,  57),
    (56,  'Max Friend 043', 4,  7,  58),
    (57,  'Max Friend 044', 4,  8,  59),
    (58,  'Max Friend 045', 4,  9,  60),
    (59,  'Max Friend 046', 4, 10,  61),
    (60,  'Max Friend 047', 4, 11,  62),
    (61,  'Max Friend 048', 4, 12,  63),
    (62,  'Max Friend 049', 5,  1,  64),
    (63,  'Max Friend 050', 5,  2,  65),
    (64,  'Max Friend 051', 5,  3,  66),
    (65,  'Max Friend 052', 5,  4,  67),
    (66,  'Max Friend 053', 5,  5,  68),
    (67,  'Max Friend 054', 5,  6,  69),
    (68,  'Max Friend 055', 5,  7,  70),
    (69,  'Max Friend 056', 5,  8,  71),
    (70,  'Max Friend 057', 5,  9,  72),
    (71,  'Max Friend 058', 5, 10,  73),
    (72,  'Max Friend 059', 5, 11,  74),
    (73,  'Max Friend 060', 5, 12,  75),
    (74,  'Max Friend 061', 6,  1,  76),
    (75,  'Max Friend 062', 6,  2,  77),
    (76,  'Max Friend 063', 6,  3,  78),
    (77,  'Max Friend 064', 6,  4,  79),
    (78,  'Max Friend 065', 6,  5,  80),
    (79,  'Max Friend 066', 6,  6,  81),
    (80,  'Max Friend 067', 6,  7,  82),
    (81,  'Max Friend 068', 6,  8,  83),
    (82,  'Max Friend 069', 6,  9,  84),
    (83,  'Max Friend 070', 6, 10,  85),
    (84,  'Max Friend 071', 6, 11,  86),
    (85,  'Max Friend 072', 6, 12,  87),
    (86,  'Max Friend 073', 7,  1,  88),
    (87,  'Max Friend 074', 7,  2,  89),
    (88,  'Max Friend 075', 7,  3,  90),
    (89,  'Max Friend 076', 7,  4,  91),
    (90,  'Max Friend 077', 7,  5,  92),
    (91,  'Max Friend 078', 7,  6,  93),
    (92,  'Max Friend 079', 7,  7,  94),
    (93,  'Max Friend 080', 7,  8,  95),
    (94,  'Max Friend 081', 7,  9,  96),
    (95,  'Max Friend 082', 7, 10,  97),
    (96,  'Max Friend 083', 7, 11,  98),
    (97,  'Max Friend 084', 7, 12,  99),
    (98,  'Max Friend 085', 8,  1, 100),
    (99,  'Max Friend 086', 8,  2, 101),
    (100, 'Max Friend 087', 8,  3, 102),
    (101, 'Max Friend 088', 8,  4, 103),
    (102, 'Max Friend 089', 8,  5, 104),
    (103, 'Max Friend 090', 8,  6, 105),
    (104, 'Max Friend 091', 8,  7, 106),
    (105, 'Max Friend 092', 8,  8, 107),
    (106, 'Max Friend 093', 8,  9, 108),
    (107, 'Max Friend 094', 8, 10, 109),
    (108, 'Max Friend 095', 8, 11, 110),
    (109, 'Max Friend 096', 8, 12, 111),
    (110, 'Max Friend 097', 9,  1, 112),
    (111, 'Max Friend 098', 9,  2, 113),
    (112, 'Max Friend 099', 9,  3, 114),
    (113, 'Max Friend 100', 9,  4, 115),
    (114, 'Max Friend 101', 9,  5, 116),
    (115, 'Max Friend 102', 9,  6, 117),
    (116, 'Max Friend 103', 9,  7, 118),
    (117, 'Max Friend 104', 9,  8, 119),
    (118, 'Max Friend 105', 9,  9, 120),
    (119, 'Max Friend 106', 9, 10, 121),
    (120, 'Max Friend 107', 9, 11, 122),
    (121, 'Max Friend 108', 9, 12, 123),
    (122, 'Max Friend 109', 10, 1, 124),
    (123, 'Max Friend 110', 10, 2, 125),
    (124, 'Max Friend 111', 10, 3, 126),
    (125, 'Max Friend 112', 10, 4, 127),
    (126, 'Max Friend 113', 10, 5, 128),
    (127, 'Max Friend 114', 10, 6, 129),
    (128, 'Max Friend 115', 10, 7, 130),
    (129, 'Max Friend 116', 10, 8, 131),
    (130, 'Max Friend 117', 10, 9, 132),
    (131, 'Max Friend 118', 10,10, 133),
    (132, 'Max Friend 119', 10,11, 134),
    (133, 'Max Friend 120', 10,12, 135),
    (134, 'Max Friend 121', 11, 1, 136),
    (135, 'Max Friend 122', 11, 2, 137),
    (136, 'Max Friend 123', 11, 3, 138),
    (137, 'Max Friend 124', 11, 4, 139),
    (138, 'Max Friend 125', 11, 5, 140),
    (139, 'Max Friend 126', 11, 6, 141),
    (140, 'Max Friend 127', 11, 7, 142),
    (141, 'Max Friend 128', 11, 8, 143),
    (142, 'Max Friend 129', 11, 9, 144),
    (143, 'Max Friend 130', 11,10, 145),
    (144, 'Max Friend 131', 11,11, 146),
    (145, 'Max Friend 132', 11,12, 147),
    (146, 'Max Friend 133', 12, 1, 148),
    (147, 'Max Friend 134', 12, 2, 149),
    (148, 'Max Friend 135', 12, 3, 150),
    (149, 'Max Friend 136', 12, 4, 151),
    (150, 'Max Friend 137', 12, 5, 152),
    (151, 'Max Friend 138', 12, 6, 153),
    (152, 'Max Friend 139', 12, 7, 154),
    (153, 'Max Friend 140', 12, 8, 155),
    (154, 'Max Friend 141', 12, 9, 156),
    (155, 'Max Friend 142', 12,10, 157),
    (156, 'Max Friend 143', 12,11, 158),
    (157, 'Max Friend 144', 12,12, 159),
    (158, 'Max Friend 145', 1,  1, 160),
    (159, 'Max Friend 146', 1,  2, 161),
    (160, 'Max Friend 147', 1,  3, 162),
    (161, 'Max Friend 148', 1,  4, 163),
    (162, 'Max Friend 149', 1,  5, 164),
    (163, 'Max Friend 150', 1,  6, 165);


------------------------------------------------------------
-- Relationships
------------------------------------------------------------
INSERT INTO "Relationships" ("id", "user_id", "friend_id", "relationship_tier")
VALUES
  (1, 1, 1, 2), (2, 1, 2, 1), (3, 1, 3, 2), (4, 1, 4, 2),
  (5, 1, 5, 2), (6, 1, 6, 2), (7, 1, 7, 2), (8, 1, 8, 2),
  (9, 1, 9, 2), (10, 1, 10, 2), (11, 1, 11, 2), (12, 1, 12, 2),
  (13, 2, 1, 4), (14, 2, 2, 4), (15, 2, 13, 1),
  (16,  4,  14, 4),
  (17,  4,  15, 4),
  (18,  4,  16, 4),
  (19,  4,  17, 4),
  (20,  4,  18, 4),
  (21,  4,  19, 4),
  (22,  4,  20, 4),
  (23,  4,  21, 4),
  (24,  4,  22, 4),
  (25,  4,  23, 4),
  (26,  4,  24, 4),
  (27,  4,  25, 4),
  (28,  4,  26, 4),
  (29,  4,  27, 4),
  (30,  4,  28, 4),
  (31,  4,  29, 4),
  (32,  4,  30, 4),
  (33,  4,  31, 4),
  (34,  4,  32, 4),
  (35,  4,  33, 4),
  (36,  4,  34, 4),
  (37,  4,  35, 4),
  (38,  4,  36, 4),
  (39,  4,  37, 4),
  (40,  4,  38, 4),
  (41,  4,  39, 4),
  (42,  4,  40, 4),
  (43,  4,  41, 4),
  (44,  4,  42, 4),
  (45,  4,  43, 4),
  (46,  4,  44, 4),
  (47,  4,  45, 4),
  (48,  4,  46, 4),
  (49,  4,  47, 4),
  (50,  4,  48, 4),
  (51,  4,  49, 4),
  (52,  4,  50, 4),
  (53,  4,  51, 4),
  (54,  4,  52, 4),
  (55,  4,  53, 4),
  (56,  4,  54, 4),
  (57,  4,  55, 4),
  (58,  4,  56, 4),
  (59,  4,  57, 4),
  (60,  4,  58, 4),
  (61,  4,  59, 4),
  (62,  4,  60, 4),
  (63,  4,  61, 4),
  (64,  4,  62, 4),
  (65,  4,  63, 4),
  (66,  4,  64, 4),
  (67,  4,  65, 4),
  (68,  4,  66, 4),
  (69,  4,  67, 4),
  (70,  4,  68, 4),
  (71,  4,  69, 4),
  (72,  4,  70, 4),
  (73,  4,  71, 4),
  (74,  4,  72, 4),
  (75,  4,  73, 4),
  (76,  4,  74, 4),
  (77,  4,  75, 4),
  (78,  4,  76, 4),
  (79,  4,  77, 4),
  (80,  4,  78, 4),
  (81,  4,  79, 4),
  (82,  4,  80, 4),
  (83,  4,  81, 4),
  (84,  4,  82, 4),
  (85,  4,  83, 4),
  (86,  4,  84, 4),
  (87,  4,  85, 4),
  (88,  4,  86, 4),
  (89,  4,  87, 4),
  (90,  4,  88, 4),
  (91,  4,  89, 4),
  (92,  4,  90, 4),
  (93,  4,  91, 4),
  (94,  4,  92, 4),
  (95,  4,  93, 4),
  (96,  4,  94, 4),
  (97,  4,  95, 4),
  (98,  4,  96, 4),
  (99,  4,  97, 4),
  (100, 4,  98, 4),
  (101, 4,  99, 4),
  (102, 4, 100, 4),
  (103, 4, 101, 4),
  (104, 4, 102, 4),
  (105, 4, 103, 4),
  (106, 4, 104, 4),
  (107, 4, 105, 4),
  (108, 4, 106, 4),
  (109, 4, 107, 4),
  (110, 4, 108, 4),
  (111, 4, 109, 4),
  (112, 4, 110, 4),
  (113, 4, 111, 4),
  (114, 4, 112, 4),
  (115, 4, 113, 4),
  (116, 4, 114, 4),
  (117, 4, 115, 4),
  (118, 4, 116, 4),
  (119, 4, 117, 4),
  (120, 4, 118, 4),
  (121, 4, 119, 4),
  (122, 4, 120, 4),
  (123, 4, 121, 4),
  (124, 4, 122, 4),
  (125, 4, 123, 4),
  (126, 4, 124, 4),
  (127, 4, 125, 4),
  (128, 4, 126, 4),
  (129, 4, 127, 4),
  (130, 4, 128, 4),
  (131, 4, 129, 4),
  (132, 4, 130, 4),
  (133, 4, 131, 4),
  (134, 4, 132, 4),
  (135, 4, 133, 4),
  (136, 4, 134, 4),
  (137, 4, 135, 4),
  (138, 4, 136, 4),
  (139, 4, 137, 4),
  (140, 4, 138, 4),
  (141, 4, 139, 4),
  (142, 4, 140, 4),
  (143, 4, 141, 4),
  (144, 4, 142, 4),
  (145, 4, 143, 4),
  (146, 4, 144, 4),
  (147, 4, 145, 4),
  (148, 4, 146, 4),
  (149, 4, 147, 4),
  (150, 4, 148, 4),
  (151, 4, 149, 4),
  (152, 4, 150, 4),
  (153, 4, 151, 4),
  (154, 4, 152, 4),
  (155, 4, 153, 4),
  (156, 4, 154, 4),
  (157, 4, 155, 4),
  (158, 4, 156, 4),
  (159, 4, 157, 4),
  (160, 4, 158, 4),
  (161, 4, 159, 4),
  (162, 4, 160, 4),
  (163, 4, 161, 4),
  (164, 4, 162, 4),
  (165, 4, 163, 4);



------------------------------------------------------------
-- Interactions
------------------------------------------------------------
-- Each Interaction belongs to a user, but the attendees are linked via InteractionsAttendees
INSERT INTO "Interactions" ("id", "date", "user_id", "interaction_type", "location", "name")
VALUES
  (1, '2025-12-31', 1, 'message', NULL, 'Message with Peter'),
  (2, '2025-12-31', 1, 'call', NULL, 'Call with John'),
  (3, '2024-01-03', 1, 'meetup', NULL, 'Meetup with James'),
  (4, '2025-12-31', 2, 'message', NULL, 'Message with Peter'),
  (5, '2024-03-01', 1, 'meetup', 'Galilee', 'Lake Hangout'),
  (6, '2024-04-01', 1, 'meetup', 'Jerusalem', 'Passover Dinner'),
  (7, '2024-05-01', 2, 'meetup', 'Downtown', 'Alice Game Night'),
  (8, '2026-01-15', 4, 'meetup', 'The Testing Grounds', 'Mega Tester Meetup');


------------------------------------------------------------
-- InteractionsAttendees
------------------------------------------------------------
INSERT INTO "InteractionsAttendees" ("id", "interaction_id", "friend_id")
VALUES
  -- 1:1 interactions (direct friend participants)
  (1, 1, 1),  -- Message with Peter
  (2, 2, 2),  -- Call with John
  (3, 3, 3),  -- Meetup with James
  (4, 4, 1),  -- Alice ↔ Peter message

  -- Lake Hangout (interaction_id=5)
  (5, 5, 1), (6, 5, 2), (7, 5, 3),

  -- Passover Dinner (interaction_id=6)
  (8, 6, 4), (9, 6, 5), (10, 6, 6), (11, 6, 7),
  (12, 6, 8), (13, 6, 9), (14, 6, 10), (15, 6, 11), (16, 6, 12),

  -- Alice Game Night (interaction_id=7)
  (17, 7, 1), (18, 7, 13),

  -- Mega Master Meetup (interaction_id=8)
  (19,  8,  14),
  (20,  8,  15),
  (21,  8,  16),
  (22,  8,  17),
  (23,  8,  18),
  (24,  8,  19),
  (25,  8,  20),
  (26,  8,  21),
  (27,  8,  22),
  (28,  8,  23),
  (29,  8,  24),
  (30,  8,  25),
  (31,  8,  26),
  (32,  8,  27),
  (33,  8,  28),
  (34,  8,  29),
  (35,  8,  30),
  (36,  8,  31),
  (37,  8,  32),
  (38,  8,  33),
  (39,  8,  34),
  (40,  8,  35),
  (41,  8,  36),
  (42,  8,  37),
  (43,  8,  38),
  (44,  8,  39),
  (45,  8,  40),
  (46,  8,  41),
  (47,  8,  42),
  (48,  8,  43),
  (49,  8,  44),
  (50,  8,  45),
  (51,  8,  46),
  (52,  8,  47),
  (53,  8,  48),
  (54,  8,  49),
  (55,  8,  50),
  (56,  8,  51),
  (57,  8,  52),
  (58,  8,  53),
  (59,  8,  54),
  (60,  8,  55),
  (61,  8,  56),
  (62,  8,  57),
  (63,  8,  58),
  (64,  8,  59),
  (65,  8,  60),
  (66,  8,  61),
  (67,  8,  62),
  (68,  8,  63),
  (69,  8,  64),
  (70,  8,  65),
  (71,  8,  66),
  (72,  8,  67),
  (73,  8,  68),
  (74,  8,  69),
  (75,  8,  70),
  (76,  8,  71),
  (77,  8,  72),
  (78,  8,  73),
  (79,  8,  74),
  (80,  8,  75),
  (81,  8,  76),
  (82,  8,  77),
  (83,  8,  78),
  (84,  8,  79),
  (85,  8,  80),
  (86,  8,  81),
  (87,  8,  82),
  (88,  8,  83),
  (89,  8,  84),
  (90,  8,  85),
  (91,  8,  86),
  (92,  8,  87),
  (93,  8,  88),
  (94,  8,  89),
  (95,  8,  90),
  (96,  8,  91),
  (97,  8,  92),
  (98,  8,  93),
  (99,  8,  94),
  (100, 8,  95),
  (101, 8,  96),
  (102, 8,  97),
  (103, 8,  98),
  (104, 8,  99),
  (105, 8, 100),
  (106, 8, 101),
  (107, 8, 102),
  (108, 8, 103),
  (109, 8, 104),
  (110, 8, 105),
  (111, 8, 106),
  (112, 8, 107),
  (113, 8, 108),
  (114, 8, 109),
  (115, 8, 110),
  (116, 8, 111),
  (117, 8, 112),
  (118, 8, 113),
  (119, 8, 114),
  (120, 8, 115),
  (121, 8, 116),
  (122, 8, 117),
  (123, 8, 118),
  (124, 8, 119),
  (125, 8, 120),
  (126, 8, 121),
  (127, 8, 122),
  (128, 8, 123),
  (129, 8, 124),
  (130, 8, 125),
  (131, 8, 126),
  (132, 8, 127),
  (133, 8, 128),
  (134, 8, 129),
  (135, 8, 130),
  (136, 8, 131),
  (137, 8, 132),
  (138, 8, 133),
  (139, 8, 134),
  (140, 8, 135),
  (141, 8, 136),
  (142, 8, 137),
  (143, 8, 138),
  (144, 8, 139),
  (145, 8, 140),
  (146, 8, 141),
  (147, 8, 142),
  (148, 8, 143),
  (149, 8, 144),
  (150, 8, 145),
  (151, 8, 146),
  (152, 8, 147),
  (153, 8, 148),
  (154, 8, 149),
  (155, 8, 150),
  (156, 8, 151),
  (157, 8, 152),
  (158, 8, 153),
  (159, 8, 154),
  (160, 8, 155),
  (161, 8, 156),
  (162, 8, 157),
  (163, 8, 158),
  (164, 8, 159),
  (165, 8, 160),
  (166, 8, 161),
  (167, 8, 162),
  (168, 8, 163);


------------------------------------------------------------
-- UserSettings
------------------------------------------------------------
INSERT INTO "UserSettings" ("id", "user_id", "NotificationPreferences_id", "ui_theme")
VALUES
  (1, 1, 1, 'light'),
  (2, 2, 2, 'dark'),
  (3, 3, 3, NULL),
  (4, 4, 4, 'dark');


------------------------------------------------------------
-- Sessions
------------------------------------------------------------
INSERT INTO "Sessions" ("id", "user_id", "session_token", "expires_at", "is_revoked")
VALUES
  (1, 1, 'SESSION_TOKEN_JESUS_ABC', '2026-01-01', 0),
  (2, 2, 'SESSION_TOKEN_ALICE_DEF', '2026-06-01', 0),
  (3, 3, 'SESSION_TOKEN_BOB_GHI', '2026-03-01', 1),
  (4, 4, 'SESSION_TOKEN_MAXTESTER_XYZ', '2026-12-31', 0);
